{"cameraMode":{"drawMode":0,"name":"Shaded","section":"Shading Mode"},"sceneLighting":false,"audioPlay":false,"sceneViewState":{"m_AlwaysRefresh":false,"showFog":true,"showSkybox":false,"showFlares":true,"showImageEffects":true,"showParticleSystems":true,"showVisualEffectGraphs":true,"m_FxEnabled":true},"in2DMode":false,"pivot":{"x":1.0469380617141724,"y":-0.09390942007303238,"z":4.9982404708862309},"rotation":{"x":0.014999017119407654,"y":0.007499036844819784,"z":-0.00011251175601501018,"w":0.9998597502708435},"size":1.5653910636901856,"orthographic":false}